"","wbc_first","creatinine_first","hr_1st","temp_1st","map_1st"
"wbc_first",1,0.0241885050056506,0.141878704377178,0.0887343772430138,-0.0425182215413009
"creatinine_first",0.0241885050056506,1,-0.0431623837191014,-0.00989357566521207,-0.0110554434443236
"hr_1st",0.141878704377178,-0.0431623837191014,1,0.273395743025442,0.0864363786595728
"temp_1st",0.0887343772430138,-0.00989357566521207,0.273395743025442,1,0.00561926112337227
"map_1st",-0.0425182215413009,-0.0110554434443236,0.0864363786595728,0.00561926112337227,1
